2020/05/04 13:06:56 INFO ,
2020/05/04 13:10:49 INFO 00:50:56:C0:00:01,144.90.47.229
2020/05/04 13:11:19 INFO 00:50:56:C0:00:01
2020/05/04 13:12:49 INFO 10:60:4B:8D:D1:D0,144.90.44.111
2020/05/04 13:17:20 INFO 10:60:4B:8D:D1:D0,144.90.44.111
2020/05/04 13:18:24 INFO 10:60:4B:8D:D1:D0,144.90.44.111
2020/05/04 13:38:36,INFO,True,wc-r016145486sc,00:50:56:C0:00:01,144.90.47.229
2020/05/08 08:17:53,INFO,False,WC-H112135308SC,6C:3B:E5:26:FC:FE,144.90.40.139
2020/05/08 08:18:37,INFO,False,WC-H112135308SC,6C:3B:E5:26:FC:FE,144.90.40.139
2020/05/08 08:19:21,INFO,False,WC-H112135308SC,6C:3B:E5:26:FC:FE,144.90.40.139
2020/05/08 08:20:05,INFO,False,WC-H112135308SC,6C:3B:E5:26:FC:FE,144.90.40.139
2020/07/09 17:02:37,INFO,False,wc-c217140764sc,A0:D3:C1:18:5C:12,144.90.44.103
2020/07/09 17:03:21,INFO,False,wc-c217140764sc,A0:D3:C1:18:5C:12,144.90.44.103
2020/07/09 17:04:05,INFO,False,wc-c217140764sc,A0:D3:C1:18:5C:12,144.90.44.103
2020/07/09 17:04:49,INFO,False,wc-c217140764sc,A0:D3:C1:18:5C:12,144.90.44.103
2020/07/15 13:18:53,INFO,False,wc-r019132809sc,2C:41:38:93:88:EB,144.90.53.180
2020/07/15 13:19:37,INFO,False,wc-r019132809sc,2C:41:38:93:88:EB,144.90.53.180
2020/07/15 13:20:20,INFO,False,wc-r019132809sc,2C:41:38:93:88:EB,144.90.53.180
2020/07/15 13:21:03,INFO,False,wc-r019132809sc,2C:41:38:93:88:EB,144.90.53.180
2020/08/12 10:31:50,INFO,True,29-b114144730sc,18:60:24:F7:F1:67,144.90.225.236
